// CODICE  ;TE;EXPAND;EXPAND;EXPAND;EXPAND
T2MA_;45;T2M1_;1;0;p9rmn_
T2MA_;90;T2M2_;1;0;p9rmn_
T2MA_;180;T2M3_;1;0;p9rmn_
B080_;20;C080_;1;0;p9rmn_
T2MA2;45;T2M12;1;0;p9rmn_
T2MA2;90;T2M22;1;0;p9rmn_
T2MA2;180;T2M32;1;0;p9rmn_
T2MA3;40;T2M13;1;0;p9rmn_
T2MA3;80;T2M23;1;0;p9rmn_
T2MA3;120;T2M33;1;0;p9rmn_
T2MA4;40;T2M14;1;0;p9rmn_
T2MA4;80;T2M24;1;0;p9rmn_
T2MA4;120;T2M34;1;0;p9rmn_
T2W_T;11;T2M14;1;0;p9rmn_
T2W_T;44;T2M24;1;0;p9rmn_
T2W_T;88;T2M34;1;0;p9rmn_
T2MA6;40;T2M16;1;0;p9rmn_
T2MA6;80;T2M26;1;0;p9rmn_
T2MA6;160;T2M36;1;0;p9rmn_
T28_4;30;T2B14;1;0;p9rmn_
T28_4;60;T2B24;1;0;p9rmn_
T28_4;180;T2B34;1;0;p9rmn_
T28_4;20;T2B14;1;0;p9rmn_
T28_4;60;T2B24;1;0;p9rmn_
T28_4;160;T2B34;1;0;p9rmn_
T2MA7;40;T2M17;1;0;p9rmn_
T2MA7;80;T2M27;1;0;p9rmn_
T2MA7;160;T2M37;1;0;p9rmn_
T2MA8;40;T2M18;1;0;p9rmn_
T2MA8;80;T2M28;1;0;p9rmn_
T2MA8;160;T2M38;1;0;p9rmn_
